Artist,Popularity
DJ Mars,50
Bosart,0
Dietro,19
Voltage,49
Elfigo,27
>rthur Lewis ft. Gerben Tuerlinckx,50
Nina Black,9
Michael Amani,24
The Oddword,9
Andromedik,54
Mandy,65
Surprise,72
Unsyn,26
Rayzen,43
K1 & Aradia,11
Hyperverb,44
Footworxx Militant Crew,18
Sakyra,30
HYSTA,44
Vandal,39
Billx,51
Reflexx,37
Unicorn on K,48
Juwlz,0
Maxim Lany,41
Rose Ringed,33
Agents Of Time (Live),53
Mau P,54
Mathame,53
Don Diablo,68
Hardwell,69
Hawkeyes,0
Yamo,3
Dave Lambert,6
Makasi,15
DJs From Mars,50
Nicky Romero,63
Seth Hills,48
Chico Rose,58
Henri PFR,48
Kayu,64
Meera,37
Samm & Ajna,0
DBN Gogo,52
Alan Dixon,52
WhoMadeWho,59
"Keinemusik (&ME, Adam Port, Rampa)",77
Q DANCE End show,50
Dolores,50
Reygel,8
Whisnu Santika,62
Kris Kross Amsterdam,63
Trinix,68
B Jones,54
Regi & Mark With a K,31
Maddix,68
Nervo,54
Sound Rush,55
Ran-D,60
Daybreak Session: Oliver Heldens,50
Miss Monique,57
Öwnboss,65
W&W,96
Vintage Culture,74
Da Tweekaz,62
John Newman,71
Netsky,59
Kölsch,54
Swedish House Mafia,77
Armin van Buuren,77
Guilini,8
C-Track,29
Jaël Ost & MagiK,4
Rick & James 80’s Party,7
STUK,37
Eagl,79
Jamie Lee Six & Louis XIV,29
Audiowave & MC Rim,8
Kamal Bankay,50
DJ Gerrit,11
Funktastix,0
Gebroeders KO,42
Thierry VonderWarth,50
Blanko & ATMOS,58
Kara,0
Georgie Riot & Captain Bass,35
Tisoki & Oliverse,44
SOTA,47
Vampa,34
Murdock,39
ATLiens,51
Friction,55
USED,27
Wilkinson,64
Const.,59
Nightcrow,0
Kimman,9
Mell Tierra,25
Ben Malone,17
Justin Wilkes,0
Jana Vitiligo,19
Dre Guazzelli,38
DJ Daan,10
Alfred Beck,25
Giuseppe Ottaviani,52
Xijaro & Pitch,44
Ruben de Ronde,45
Nifra,44
Aaron Hibell,60
Cosmic Gate,54
Aly & Fila,48
A Local Hero,1
Piaggio Disco Club,50
Desiree,39
Shanti Celeste,32
DJ Heartstring,56
Bashkka,31
Denis Sulta,36
KEVIN KOFII,0
Novak,39
Philou Louzolo,28
Calussa,48
Hugel,78
Amémé,48
Sunnery James & Ryan Marciano,46
Sunnery James & Ryan Marciano b2b Philou Louzolo b2b Amémé,46
BYØRN,48
Novah,38
LESSSS,35
VIDO,47
Azyr,37
Trym,0
Sara Landry,60
Oguz,49
Dyen,31
Poleen,0
NSI,45
John Bowtie,7
Stasi Sanlin,50
Arado,16
Afshin Momadi,32
Birds Of Mind,44
Ann Clue,43
VTSS,45
DJ Archie,0
Merow,32
Basstripper b2b Primate,49
Harriet Jaxxon,24
MONTELL2099,42
Koven,11
Grafix,53
Kanine,55
Luude,66
Charlie Tee b2b Lens,0
Dimension,63
Bonobo b2b Dixon,64
Milan Evens,50
Cellini,16
Dino Lenny,37
Elkka,40
TSHA,51
Bonobo,64
Dixon,52
Rumix,55
Neall,25
Nico Parisi,21
Anonymize,7
Jens Lissat,36
Franky Jones,43
DJ Ghost,45
Furax,44
Franky Kloeck,2
Push,73
Bonzai All Stars,16
Two/Three,13
YULI ANA,0
MCR-T,86
Parkerstrange,17
Klaudia Gawlas,29
Parfait & Charlie Sparks,18
Callush,12
Yo-ki,54
Kaspa,45
Brits & Boen,21
Los Bomberos,0
Schuurrallures,50
Bobby & Djenko,0
Monta,62
Deuxfwa,50
White Noise,84
Neon,70
Antdot,61
Alex Wann,62
Dom Dolla,71
Solomun b2b Four Tet,60
Kenn Colt,34
Stephine B,50
Kryder,49
PARISI (live),48
Symphony of Unity,50
Salvatore Ganacci,55
Sebastian Ingrosso & Steve Angello,0
MORTEN,64
REZZMAU5,29
TBA,22
Juul Pence,50
Aline Rocha,12
Melon Bomb,10
Melvo Baptiste,20
Jayda G,51
Jellybean Benitez,23
Alexander Merlin,35
Loulou Players,30
Manuals,18
Cat Dealers,58
Goodboys,68
Sub Focus & ID,68
Sam Oui,0
Lavern,70
Pretty Pink,50
Marten Hørger,56
Azteck,54
Odd Mob,64
Gryffin,69
Acraze,65
Kungs,70
Lost Frequencies,80
Claptone,63
Daybreak Session: Laidback Luke presents Wayback Luke,50
Eliza Rose,61
Yves V,58
MANDY,65
Amelie Lens,56
Alok,15
Anyma,69
Dimitri Vegas & Like Mike,75
Timmy Trumpet,73
Naomi Cazier,50
DJ Señor Funk,50
Nothing But Funk,30
Moska,45
Yero,33
Lou8,46
Ewave,23
Raphi,35
Funkhauser,29
Jerrooo,50
Milano,51
Natalia,39
Nick Bril,0
Collé,56
Capoon,13
Mahmut Orhan,60
Brina Knauss,29
Fideles,55
Mind Against,48
Tobi Trekhaak,50
Hollaback Soundystem,50
DOEMP,1
Mariah Curry,50
Olsan Twins,50
Discobaar A Moeder,50
Gomorris,50
Kiësto,0
X-TOF,34
Bingo Players,61
Jay Hardway,47
Moguai,58
Dannic,44
Chuckie,43
Blasterjaxx,63
DVBBS,60
Axel Haube,24
Olympe,37
Kasia,33
Chris Avantgarde,56
Kevin de Vries,56
MRAK,47
Tale Of Us,50
re-type,32
Bermio,12
Mha Iri,46
Magnus (CJ Bolland & Tom Barman),50
Juliet Fox,34
The Subs,31
Joyhauser,48
Amber Broos,33
Patrick Mason,23
HorsegiirL,50
Dana Montana,9
fka.m4a,10
Krystal Klear,36
HAAi,48
The Blessed Madonna,67
Lucca van Damme,50
Meaghan,44
Dubdogz,68
Bassjackers,63
Tom & Collins,48
Mariana Bo,52
Andrei Stan,8
Siege,40
Astrality,62
Nu Aspect,70
Korolova,56
KREAM,61
Jengi b2b Magician,58
Ferreck Dawn,53
Meduza,75
James Hype,71
Daybreak Session: One World Radio Soundsystem,50
Franky Rizardo,58
Yves Deruyter,39
Omdat Het Kan & Average Rob,39
ANNA,7
MATTN,16
Adriatique,59
Afrojack,74
Alesso,76
3 Are Legend,46
DJ Robin,55
Frank Mellemans,50
Kurt Verheyen,1
Rino,57
Sisley & BenOneshot,30
Blanko & Marge,58
Boycot,2
Bredren,27
One87,1
Nymfo,29
ZeroZero,13
Kyrist,25
Alibi,32
James Marvel,23
Locus,37
Firaga,29
Alexander Popov b2b Re-Twin,43
Mad Maxx vs Stryker,50
Skazi,44
HI Profile,36
Somnia,47
Elenore,3
LUCYE,40
GUZ,71
MistaJam,50
DJ Licious,41
Danny Howard,44
Delafino B2B DJ Gee,50
Vato Gonzalez,36
Diego Miranda,43
Chapter & Verse,44
Martin Jensen,62
Joel Corry,72
DJ Diesel,12
Sam Feldt,69
Dimitri Vegas & Like Mike & Friends,75
Brennan Heart,64
Vini Vici,66
The Z.,96
Maxtreme,41
Hard Driver,53
DJ Isaac,52
Sub Zero Project,60
Rooler,61
Warface,56
Mish,79
Mutilator,52
Niki August,50
Sako Glitch,50
Medaase,50
Rockefellababe,18
Kybba,62
Team DAMP,25
Assia MK,0
Tribal Kush,57
BKAY,48
Saidou,28
DJ Sahra,0
Nederhand,50
Benny,80
Lovelee Days,50
ARTEN,31
EME,63
Noaffection,50
Kneiz b2b Toone,3
Muze,4
D. Guaetta,50
Troublemen,11
Magik,47
5napback,26
Prinz,58
Delafino & DJ Licious,27
Manuals b2b Meaghan,18
Julian Cross,40
Mattn,16
Regi & Yves V,31
No surprise,0
Surprise Vinyl only set,50
Kay b2b Jul-E,23
Eddie Deville,0
Kaudron,13
Mona Lee b2b WLC,16
ZT Music,0
Semmer b2b Mr. Rewind,1
Pat Krimson,21
Roma,18
Christophe b2b Seelen,59
Disco Dasco,3
Lilihell,50
EMILIJA,24
Perel,27
Dj Fuckoff,32
Marlon Hoffstadt,64
Partiboi69,49
Hollt,56
Ashibah,54
Mees Salomé,42
Ida Engberg,28
Konstantin Sibold,42
Elderbrook (DJ Set),70
LAAT,17
Bart Skils,46
Sama' Abdulhadi,24
HI-LO,57
Adam Beyer,57
DJ Creator,1
MC Rim,27
Tous Les Deux,50
DJ Chanelle,50
FlavãSoul Soundsystem,50
Flo Windey & Skyve,53
Tola OG,0
Eva De Roo & Double D,29
Flavour Drop,50
Hyalyte,4
Unregular,5
Revenja b2b Extreme Noize,1
Revedge b2b The Mind Destiny,13
DJ Furax,44
Vernex,36
Partyraiser,49
DRS b2b Sandy Warez,45
Yoshiko,39
Neko,53
MBK,26
Detest,28
Goldfox,0
Samm,22
Might Delete Later,35
Nico Moreno b2b Dyen,56
Bardy b2b OCSAV,35
Himanshu Kalwani,5
Eole,56
Toska,26
Idle Days,30
Jose De Mara,32
StadiumX,43
Mr. Belt & Wezol,66
Jengi,58
Matisse & Sadko,54
Tigerlily,41
Daybreak Session: Antdot b2b Maz,22
Agents Of Time,53
Solomun,60
Barry Fest,44
Jeroen Visser,6
Prosit,0
Tom Cosyns,50
Mosoo,3
Karyendasoul,38
Sona,22
Arielle Free,44
Chris Stussy,59
To be announced,0
Dennis Cruz b2b Seth Troxler,49
Mc Mota,31
Maze b2b Primate,12
Basstripper b2b AC13,49
Mollie Collins,43
Hamdi,54
A Little Sound,53
Sippy,55
Metrik b2b Grafix,52
Delta Heavy,54
Macky Gee,54
Camo & Krooked,55
JUSTANOTHERDJ,50
Quilliam,0
Luna & Lenthe,12
ARKADYAN,36
Sasson b2b Rivo,48
Avangart Tabldot,38
Adam Sellouk,45
MagiK,47
Lennert Wolfs,11
Bresh,13
Otto Knows,58
Lucas & Steve,62
Topic,76
Felix Jaehn,75
R3hab,75
Outsiders,62
Sefa,59
Mr. Rewind,14
Bram Delux,50
Nils Van Zandt,36
DJ Luk,43
DJ Kat,57
DJ F.R.A.N.K,36
PartyShakerz,50
Dimitri Wouters,6
Double-U,22
Winterclubbing All Stars,50
Blk.,26
Marie Julie,21
Amotik b2b Answer Code Request,24
Phara (Live),54
Ellli Acula,50
I Hate Models,52
Ellen Allien,37
Paula Temple b2b SNTS,27
DJ Jan,52
Phi Phi,78
Jaydee,39
Greg S,51
Jan Vervloet,15
Azo,56
Odymel,47
Mischluft,51
Maruwa,25
DJ Hyperdrive,16
t e s t p r e s s,56
Pegassi,45
Sem Thomasson,23
Nico Morano,48
Joris Voorn b2b Yotto,57
Tchami b2b Malaa,56
So Blonde Sound System,50
Sickzombies,2
Admess,28
SUNZZ,21
Matt Sassari,69
W4STD,0
Sofía Cristo,33
Mike Williams,57
Vize,68
Nostalgix,41
Maryo,30
Toolate Groove,21
Liu,26
ZERB,14
Nora En Pure,60
A-trak b2b The Magician,63
Purple Disco Machine,73
Oliver Heldens,69
Daybreak session: Laidback Luke presents Wayback Luke,50
Steve Aoki,74
Chyl,50
ShockOne,48
Raizhell,60
Oddkidout,43
Ray Volpe,53
Dirtyphonics,45
Wooli,59
Jessica Audiffred b2b Infekt,45
Brian,62
Les Mecs,3
Marco Mzee,22
Michael More,8
Unos,26
Calao,25
Bibi Seck,50
Lovefoxy,14
Jeremy Underground,50
Dan Shake,25
Pauline Noyen,50
MITCHED,0
Bassbar,0
Jorn Pricez,11
Roman Weber,1
Thomas M,49
Mr Joy,1
Moritz Hofbauer,38
Annabel Stop It,50
SHE,31
Dieux Pere,5
Zoe Hasselbank,50
Jahwin,10
Vunzige Deuntjes Soundsystem,24
Ballantine,15
WEF,15
Palmera,65
Cristiano Da Silva,1
Valentín Huedo,18
Igor Marijuan,6
Eli Rojas,33
Oriol Calvo,11
Delafino b2b Luna Fino,27
Delafino & Ibiza Friends,27
JOYSE,7
Odssey,28
DJ Roop,2
Bhaskar,58
Brian Cross & DJ Nano,26
Kura,45
Sevenn,58
Marnik,66
Will Sparks,59
Hangar Soundsystem,50
Henri Bergmann b2b Magit Cacoon,33
Zamna SoundSystem,40
Like Mike,75
Massano,56
Wolfpack,47
Jose AM,21
Pat B,49
Dyro,49
Angemi,46
Third Party,53
Regi,31
Mooglie,35
VNTM,28
8Kays,42
Cassian,55
Argy,65
Smokin' Pandas,50
Airglo,29
Gyrofield,28
Justin Hawkes,46
Rohaan,36
Bensley,44
Reaper,53
Nitepunk,41
ÆON:MODE,43
Imanu b2b Buunshin,51
Laura Hoogland,50
Bora Uzer,32
John Summit,74
Lowie Trio,50
séa,31
Kenny Montana,0
Zouzibabe,50
Marvin & Guy,22
Jeroen Delodder,50
Helena Lauwaert b2b EMILIJA,24
Milo Spykers,21
Farrago,39
Daria Kolosova,50
999999999,42
SHE THE DJ,0
Pretty Girl,44
DJ Boring,44
KI/KI,88
Kamalèon,30
Mairee,57
AdamK,11
Lovely Louis,50
FLOw,15
Jordi Ruz,8
Regi b2b Mark With a K,31
Indira Paganotto,48
Boris Brejcha,64
Tiësto,84
David Guetta,90
DJ Jelle DK,50
Dorothee Vegas & Like Maarten,29
Jan V,31
The Bobmeister,6
Domi Re,58
Blazy,50
Fabio Fusco,42
WHITENO1SE,46
Avalon,53
Vegas,75
Wanvel b2b Nathan Fix,2
Eridu,27
Kim Mathijs,50
DC Noises,50
Geheimzinnig Soundsystem,50
BAVR,5
Goe Vur In Den Otto,0
Block & Crown,50
James Carter,67
Viktor,72
Sigala,68
Regard,70
DJ Cocki,50
Milinguap,50
DJ Fasta,41
Soul Shakers,1
J. Roots,9
Karyo,33
Masai,0
Rebelion,58
22heures30,50
Abena,21
BassBrain,36
Lost Identity,41
Refuzion,52
Coone,56
Tweekacore,43
Mark with a K & Mc Chucky,51
Aversion,54
